City_ID,City,Lat,Lng,Max Temp,Humidity,Cloudiness,Wind Speed,Country,Date
0,Punta Arenas,-53.15,-70.9167,41.11,75,75,29.93,CL,2022-07-18 21:27:37
1,Hobart,-42.8794,147.3294,43.27,85,75,8.05,AU,2022-07-18 21:31:31
2,Nikolskoye,59.7035,30.7861,55.29,92,49,4.52,RU,2022-07-18 21:32:50
3,Hurghada,27.2574,33.8129,87.15,34,8,9.69,EG,2022-07-18 21:27:50
4,Ushuaia,-54.8,-68.3,44.26,53,40,11.5,AR,2022-07-18 21:31:43
5,Vila Velha,-20.3297,-40.2925,75.15,82,0,6.91,BR,2022-07-18 21:30:41
6,Thanh Hoa,19.8,105.7667,81.72,85,100,3.98,VN,2022-07-18 21:38:49
7,Albany,42.6001,-73.9662,78.64,85,100,3.0,US,2022-07-18 21:30:37
8,Avarua,-21.2078,-159.775,73.45,83,75,5.75,CK,2022-07-18 21:33:06
9,Riverton,40.5219,-111.9391,98.44,28,0,8.01,US,2022-07-18 21:38:49
10,Redmond,47.674,-122.1215,74.88,63,71,1.99,US,2022-07-18 21:38:00
11,Rikitea,-23.1203,-134.9692,74.71,76,17,12.08,PF,2022-07-18 21:31:46
12,Ribeira Grande,38.5167,-28.7,73.38,90,20,5.1,PT,2022-07-18 21:27:27
13,Boulder City,35.9786,-114.8325,108.43,18,44,13.51,US,2022-07-18 21:38:20
14,Beringovskiy,63.05,179.3167,53.4,51,8,24.94,RU,2022-07-18 21:37:10
15,Busselton,-33.65,115.3333,50.77,85,0,7.85,AU,2022-07-18 21:26:52
16,Otautau,-46.15,168.0,43.45,95,100,3.58,NZ,2022-07-18 21:38:50
17,Mataura,-46.1927,168.8643,43.48,97,100,1.03,NZ,2022-07-18 21:31:47
18,Nouakchott,18.0858,-15.9785,80.53,83,10,12.21,MR,2022-07-18 21:34:18
19,San Cristobal,7.7669,-72.225,77.18,83,100,3.38,VE,2022-07-18 21:30:23
20,Iqaluit,63.7506,-68.5145,42.53,86,75,8.05,CA,2022-07-18 21:27:56
21,Barrow,71.2906,-156.7887,44.62,76,100,26.46,US,2022-07-18 21:31:47
22,New Norfolk,-42.7826,147.0587,42.93,87,83,1.01,AU,2022-07-18 21:32:03
23,Yellowknife,62.456,-114.3525,72.12,56,40,9.22,CA,2022-07-18 21:31:49
24,Salalah,17.0151,54.0924,78.89,89,100,3.44,OM,2022-07-18 21:29:04
25,Hilo,19.7297,-155.09,90.28,74,75,10.36,US,2022-07-18 21:31:51
26,Merauke,-8.4667,140.3333,76.5,87,85,11.68,ID,2022-07-18 21:32:47
27,Puerto Ayora,-0.7393,-90.3518,76.96,89,96,5.99,EC,2022-07-18 21:32:36
28,Arraial Do Cabo,-22.9661,-42.0278,71.46,88,20,4.61,BR,2022-07-18 21:32:35
29,Mount Gambier,-37.8333,140.7667,35.51,100,100,0.0,AU,2022-07-18 21:35:01
30,Caravelas,-17.7125,-39.2481,70.86,75,38,4.88,BR,2022-07-18 21:31:49
31,Esperance,-33.8667,121.9,51.64,89,40,5.14,AU,2022-07-18 21:32:05
32,Cayenne,4.9333,-52.3333,82.09,1,59,1.14,GF,2022-07-18 21:31:17
33,Broome,42.2506,-75.833,77.9,80,40,14.97,US,2022-07-18 21:32:58
34,Thompson,55.7435,-97.8558,73.56,56,40,4.61,CA,2022-07-18 21:31:46
35,Jamestown,42.097,-79.2353,72.01,85,100,13.8,US,2022-07-18 21:31:50
36,Qaanaaq,77.484,-69.3632,45.82,56,0,4.56,GL,2022-07-18 21:32:04
37,Hithadhoo,-0.6,73.0833,81.37,76,100,11.12,MV,2022-07-18 21:32:34
38,Tateyama,34.9833,139.8667,79.11,89,100,24.61,JP,2022-07-18 21:38:52
39,Butaritari,3.0707,172.7902,82.31,77,10,19.01,KI,2022-07-18 21:31:44
40,Bluff,-46.6,168.3333,43.81,75,100,15.37,NZ,2022-07-18 21:32:01
41,Platonovka,52.7106,41.952,56.17,96,77,12.93,RU,2022-07-18 21:38:58
42,Nurota,40.5614,65.6886,80.33,28,0,15.57,UZ,2022-07-18 21:38:58
43,Castro,-24.7911,-50.0119,57.31,99,100,3.2,BR,2022-07-18 21:32:14
44,Severo-Kurilsk,50.6789,156.125,55.72,89,94,4.47,RU,2022-07-18 21:32:02
45,Udalguri,26.7667,92.1333,78.12,90,100,0.81,IN,2022-07-18 21:38:58
46,Cabo San Lucas,22.8909,-109.9124,91.51,61,20,10.36,MX,2022-07-18 21:33:21
47,Satao,40.7418,-7.7329,56.5,94,0,5.23,PT,2022-07-18 21:38:59
48,Nipawin,53.3668,-104.0009,82.44,42,0,3.44,CA,2022-07-18 21:38:59
49,Bredasdorp,-34.5322,20.0403,54.28,85,100,2.04,ZA,2022-07-18 21:32:15
50,Nanortalik,60.1432,-45.2371,46.24,82,86,3.06,GL,2022-07-18 21:31:47
51,Tiksi,71.6872,128.8694,34.9,95,100,14.38,RU,2022-07-18 21:28:05
52,Mechetinskaya,46.7713,40.456,65.46,41,0,8.48,RU,2022-07-18 21:39:00
53,Georgetown,5.4112,100.3354,82.33,90,40,0.0,MY,2022-07-18 21:30:35
54,High Level,58.5169,-117.136,80.71,36,75,12.66,CA,2022-07-18 21:39:00
55,Portland,45.5234,-122.6762,79.05,54,20,10.36,US,2022-07-18 21:31:26
56,Mogadishu,2.0371,45.3438,75.49,82,85,20.0,SO,2022-07-18 21:39:00
57,Hammerfest,70.6634,23.6821,50.45,100,75,3.44,NO,2022-07-18 21:39:01
58,Zeya,53.75,127.2667,66.49,91,100,1.54,RU,2022-07-18 21:39:01
59,Wanning,18.8003,110.3967,81.72,91,96,9.33,CN,2022-07-18 21:39:01
60,Tautira,-17.7333,-149.15,75.63,73,15,6.87,PF,2022-07-18 21:39:01
61,West Wendover,40.7391,-114.0733,97.81,16,20,9.22,US,2022-07-18 21:39:02
62,Urom,47.5967,19.0158,68.92,45,15,0.81,HU,2022-07-18 21:39:02
63,Guerrero Negro,27.9769,-114.0611,82.74,47,3,12.73,MX,2022-07-18 21:33:55
64,Ahipara,-35.1667,173.1667,61.27,82,84,11.97,NZ,2022-07-18 21:39:02
65,Teknaf,20.8624,92.3058,79.92,90,97,4.45,BD,2022-07-18 21:39:03
66,Touros,-5.1989,-35.4608,77.0,84,82,15.52,BR,2022-07-18 21:27:46
67,Lekoni,-1.5843,14.2591,79.0,59,97,4.29,GA,2022-07-18 21:39:03
68,Ponta Do Sol,32.6667,-17.1,73.0,81,12,3.24,PT,2022-07-18 21:31:52
69,Sola,-13.8833,167.55,81.27,83,100,4.61,VU,2022-07-18 21:35:25
70,Banepa,27.6298,85.5214,68.32,94,75,5.75,NP,2022-07-18 21:39:04
71,Staraya Toropa,56.2801,31.6702,48.58,97,54,4.85,RU,2022-07-18 21:39:04
72,Victoria,22.2855,114.1577,86.38,80,100,8.99,HK,2022-07-18 21:30:30
73,Mar Del Plata,-38.0023,-57.5575,49.08,77,0,8.01,AR,2022-07-18 21:29:29
74,Hualmay,-11.0964,-77.6139,65.01,75,62,11.61,PE,2022-07-18 21:39:04
75,Soke,13.598,-5.9386,84.51,61,93,12.55,ML,2022-07-18 21:39:05
76,Kapaa,22.0752,-159.319,82.72,74,75,19.57,US,2022-07-18 21:30:27
77,Shahe,39.2708,113.5478,68.04,49,96,1.19,CN,2022-07-18 21:39:05
78,Mercedes,-34.6515,-59.4307,55.78,45,84,7.9,AR,2022-07-18 21:32:47
79,Yaan,7.3833,8.5667,74.17,78,80,5.19,NG,2022-07-18 21:32:45
80,Provideniya,64.3833,-173.3,42.91,75,100,11.18,RU,2022-07-18 21:31:52
81,San Matias,-16.3667,-58.4,80.74,35,54,3.0,BO,2022-07-18 21:39:05
82,Te Anau,-45.4167,167.7167,42.62,96,100,4.18,NZ,2022-07-18 21:34:19
83,Usinsk,65.9939,57.5281,60.66,73,25,4.7,RU,2022-07-18 21:39:06
84,Atuona,-9.8,-139.0333,77.88,66,55,17.27,PF,2022-07-18 21:32:07
85,Klaksvik,62.2266,-6.589,50.92,87,100,11.7,FO,2022-07-18 21:34:31
86,Plettenberg Bay,-34.0527,23.3716,59.54,86,85,4.74,ZA,2022-07-18 21:39:11
87,Hamilton,39.1834,-84.5333,85.24,66,75,4.61,US,2022-07-18 21:30:00
88,Kizilskoye,52.7255,58.8937,65.01,73,94,4.56,RU,2022-07-18 21:39:12
89,Vanderhoof,54.0166,-124.0198,76.89,41,92,10.29,CA,2022-07-18 21:39:12
90,Chuy,-33.6971,-53.4616,49.17,80,3,2.86,UY,2022-07-18 21:28:48
91,Kieta,-6.2167,155.6333,81.93,73,47,3.74,PG,2022-07-18 21:33:05
92,Porto Velho,-8.7619,-63.9039,87.85,58,20,4.61,BR,2022-07-18 21:35:31
93,Ust-Nera,64.5667,143.2,76.59,58,100,6.17,RU,2022-07-18 21:35:40
94,Ormara,25.2088,64.6357,83.21,87,58,7.85,PK,2022-07-18 21:39:12
95,Jejuri,18.2833,74.1667,69.66,93,100,3.56,IN,2022-07-18 21:39:13
96,Novobiryusinskiy,56.9578,97.7076,49.82,97,9,5.99,RU,2022-07-18 21:39:13
97,Cidreira,-30.1811,-50.2056,57.27,92,0,4.38,BR,2022-07-18 21:32:51
98,Cape Town,-33.9258,18.4232,56.91,80,0,6.91,ZA,2022-07-18 21:31:24
99,Beyneu,45.3167,55.2,90.68,22,0,18.66,KZ,2022-07-18 21:39:13
100,Taseyevo,57.2169,94.8978,56.14,84,86,8.37,RU,2022-07-18 21:39:14
101,Luderitz,-26.6481,15.1594,57.54,85,0,13.0,NA,2022-07-18 21:34:32
102,Geraldton,-28.7667,114.6,55.81,94,100,11.5,AU,2022-07-18 21:33:25
103,Hermanus,-34.4187,19.2345,53.8,83,100,4.25,ZA,2022-07-18 21:27:07
104,Port Blair,11.6667,92.75,80.94,84,99,7.7,IN,2022-07-18 21:32:32
105,Kahului,20.8947,-156.47,84.22,65,40,24.16,US,2022-07-18 21:32:48
106,Sorong,-0.8833,131.25,76.91,87,96,4.7,ID,2022-07-18 21:34:29
107,Lafiagi,8.8667,5.4167,75.92,78,61,4.7,NG,2022-07-18 21:39:14
108,Isla Mujeres,21.2311,-86.731,91.45,69,33,10.65,MX,2022-07-18 21:39:15
109,Bengkulu,-3.8004,102.2655,75.13,88,3,3.6,ID,2022-07-18 21:32:20
110,Vao,-22.6667,167.4833,72.73,86,100,14.25,NC,2022-07-18 21:29:16
111,Aklavik,68.2191,-135.0107,67.8,58,100,13.04,CA,2022-07-18 21:33:22
112,Rawson,-43.3002,-65.1023,45.52,47,68,16.17,AR,2022-07-18 21:31:42
113,Nyurba,63.2842,118.3319,63.7,78,72,6.76,RU,2022-07-18 21:39:15
114,Road Town,18.4167,-64.6167,84.24,74,20,13.8,VG,2022-07-18 21:33:41
115,Mehamn,71.0357,27.8492,58.95,72,0,4.61,NO,2022-07-18 21:39:16
116,Anito,12.4497,125.2886,77.47,90,80,5.3,PH,2022-07-18 21:39:16
117,Codrington,-38.2667,141.9667,46.6,72,100,4.85,AU,2022-07-18 21:34:28
118,Port Elizabeth,-33.918,25.5701,64.31,89,75,3.44,ZA,2022-07-18 21:27:10
119,Trairi,-3.2778,-39.2689,77.77,70,6,11.5,BR,2022-07-18 21:38:34
120,Binga,-17.6203,27.3414,63.75,48,96,3.71,ZW,2022-07-18 21:34:18
121,Pisco,-13.7,-76.2167,64.45,72,0,8.05,PE,2022-07-18 21:35:12
122,Salym,60.0625,71.4789,56.1,77,29,5.28,RU,2022-07-18 21:35:03
123,Lazaro Cardenas,17.9583,-102.2,86.07,66,97,9.24,MX,2022-07-18 21:39:17
124,Faya,18.3851,42.4509,69.91,38,51,3.94,SA,2022-07-18 21:35:02
125,Toropets,56.4978,31.6353,49.64,97,64,4.65,RU,2022-07-18 21:37:53
126,Yilan,24.757,121.753,88.02,99,100,1.99,TW,2022-07-18 21:39:17
127,Taraz,42.9,71.3667,68.41,49,0,6.71,KZ,2022-07-18 21:39:17
128,Leningradskiy,69.3833,178.4167,34.45,89,100,20.74,RU,2022-07-18 21:33:38
129,Kaitangata,-46.2817,169.8464,46.06,92,100,8.43,NZ,2022-07-18 21:34:13
130,Kavaratti,10.5669,72.642,80.1,81,100,22.48,IN,2022-07-18 21:34:34
131,Kazan,55.7887,49.1221,68.61,95,98,2.51,RU,2022-07-18 21:39:18
132,Jimo,36.3897,120.4622,74.98,94,34,2.24,CN,2022-07-18 21:39:18
133,Chokurdakh,70.6333,147.9167,43.07,67,80,13.11,RU,2022-07-18 21:33:40
134,Prince Rupert,54.3161,-130.3201,59.09,85,100,18.41,CA,2022-07-18 21:39:23
135,Saskylakh,71.9167,114.0833,44.58,77,100,12.86,RU,2022-07-18 21:31:07
136,Kodiak,57.79,-152.4072,63.91,55,100,17.27,US,2022-07-18 21:33:04
137,Torbay,47.6666,-52.7314,74.17,63,75,14.97,CA,2022-07-18 21:30:40
138,Honiara,-9.4333,159.95,82.85,69,12,4.61,SB,2022-07-18 21:32:31
139,San Fernando,15.0286,120.6898,82.13,93,99,2.24,PH,2022-07-18 21:39:24
140,Champerico,14.3,-91.9167,93.74,71,57,6.8,GT,2022-07-18 21:33:55
141,Port Alfred,-33.5906,26.891,64.9,57,86,8.81,ZA,2022-07-18 21:32:07
142,Berlevag,70.8578,29.0864,59.0,72,20,4.61,NO,2022-07-18 21:39:24
143,Khatanga,71.9667,102.5,52.77,75,100,2.46,RU,2022-07-18 21:27:26
144,Hasaki,35.7333,140.8333,81.0,85,100,13.22,JP,2022-07-18 21:33:09
145,Norman Wells,65.282,-126.8329,75.24,41,75,8.05,CA,2022-07-18 21:34:12
146,Eirunepe,-6.6603,-69.8736,80.22,76,95,2.3,BR,2022-07-18 21:35:16
147,Sandy Bay,-42.913,147.3532,43.3,84,75,8.05,AU,2022-07-18 21:39:25
148,Russell,32.3502,-85.1999,92.97,49,0,5.75,US,2022-07-18 21:39:25
149,Marsabit,2.3284,37.9899,63.25,62,92,25.5,KE,2022-07-18 21:39:25
150,Osypenko,46.9136,36.8253,61.74,60,0,11.56,UA,2022-07-18 21:39:26
151,Port Keats,-14.25,129.55,64.58,77,11,6.08,AU,2022-07-18 21:39:26
152,Constitucion,-35.3333,-72.4167,50.68,89,90,9.84,CL,2022-07-18 21:34:48
153,Piojo,10.7485,-75.1078,81.16,77,83,14.81,CO,2022-07-18 21:39:26
154,Brae,60.3964,-1.353,55.54,87,72,7.4,GB,2022-07-18 21:39:27
155,Tuscaloosa,33.2098,-87.5692,91.18,46,0,6.91,US,2022-07-18 21:39:27
156,Asau,46.4333,26.4,60.96,75,94,3.15,RO,2022-07-18 21:31:58
157,Nuevo Progreso,23.1667,-97.95,94.53,51,4,16.62,MX,2022-07-18 21:39:27
158,Real,14.6625,121.6047,78.78,87,96,3.74,PH,2022-07-18 21:39:28
159,Don Sak,9.3168,99.6918,79.2,85,85,9.33,TH,2022-07-18 21:39:28
160,Saint-Philippe,-21.3585,55.7679,67.59,84,63,17.92,RE,2022-07-18 21:32:24
161,Puerto Leguizamo,-0.1934,-74.7819,76.62,95,83,1.81,CO,2022-07-18 21:39:28
162,Great Yarmouth,52.6083,1.7305,80.08,55,71,8.14,GB,2022-07-18 21:39:29
163,Green River,41.5286,-109.4662,91.8,25,35,8.99,US,2022-07-18 21:39:29
164,Santa Cruz De Tenerife,28.4682,-16.2546,78.58,89,75,23.02,ES,2022-07-18 21:39:29
165,Belmonte,-15.8631,-38.8828,72.05,75,21,7.02,BR,2022-07-18 21:32:20
166,Zhigansk,66.7697,123.3711,52.03,81,100,14.94,RU,2022-07-18 21:39:30
167,Goure,13.9835,10.2704,81.01,60,56,12.37,NE,2022-07-18 21:39:30
168,Lompoc,34.6391,-120.4579,94.01,54,0,16.11,US,2022-07-18 21:34:26
169,Tadine,-21.55,167.8833,75.54,86,98,10.04,NC,2022-07-18 21:39:30
170,Zhanakorgan,43.9098,67.2495,82.47,30,0,8.19,KZ,2022-07-18 21:39:30
171,Ena,35.4498,137.4128,75.85,97,100,4.5,JP,2022-07-18 21:39:31
172,Griffith,41.5284,-87.4237,89.53,44,40,3.44,US,2022-07-18 21:34:52
173,Santa Maria,-29.6842,-53.8069,52.9,82,0,2.3,BR,2022-07-18 21:35:41
174,Chapais,49.7834,-74.8492,82.18,46,75,5.84,CA,2022-07-18 21:32:17
175,Camacha,33.0833,-16.3333,67.42,73,40,6.91,PT,2022-07-18 21:33:26
176,Narsaq,60.9167,-46.05,61.02,71,100,2.91,GL,2022-07-18 21:32:02
177,Angoram,-4.0625,144.0661,75.63,97,97,1.1,PG,2022-07-18 21:39:31
178,Tigil,57.8,158.6667,62.92,73,100,3.44,RU,2022-07-18 21:39:32
179,Vinh,18.6667,105.6667,80.91,82,98,3.4,VN,2022-07-18 21:39:32
180,Labuhan,-6.8844,112.2051,75.54,86,98,6.85,ID,2022-07-18 21:32:30
181,Bilibino,68.0546,166.4372,47.32,60,100,4.09,RU,2022-07-18 21:39:32
182,Axim,4.8699,-2.2405,74.93,79,95,9.33,GH,2022-07-18 21:32:16
183,Pangnirtung,66.1451,-65.7125,44.6,81,75,14.97,CA,2022-07-18 21:34:34
184,Sistranda,63.7256,8.834,53.56,87,100,16.51,NO,2022-07-18 21:34:28
185,Egvekinot,66.3167,-179.1667,44.22,52,100,12.66,RU,2022-07-18 21:39:38
186,Vila Franca Do Campo,37.7167,-25.4333,72.01,90,38,2.04,PT,2022-07-18 21:32:39
187,Kenai,60.5544,-151.2583,64.49,73,0,18.41,US,2022-07-18 21:28:15
188,Bintulu,3.1667,113.0333,73.81,100,20,0.0,MY,2022-07-18 21:39:38
189,Kavieng,-2.5744,150.7967,82.9,76,100,11.99,PG,2022-07-18 21:33:51
190,Sao Filipe,14.8961,-24.4956,75.97,81,20,10.42,CV,2022-07-18 21:33:48
191,East London,-33.0153,27.9116,68.9,36,7,8.19,ZA,2022-07-18 21:27:26
192,San Francisco,37.7749,-122.4194,98.31,70,20,20.71,US,2022-07-18 21:30:56
193,Tevaitoa,-16.7833,-151.5,76.46,65,42,6.2,PF,2022-07-18 21:39:39
194,Vestmannaeyjar,63.4427,-20.2734,52.0,87,100,13.89,IS,2022-07-18 21:32:48
195,Sobolevo,54.4299,31.8996,55.36,87,94,5.95,RU,2022-07-18 21:34:01
196,Oktyabrskiy,54.4815,53.471,68.13,78,100,3.18,RU,2022-07-18 21:39:39
197,Mackay,-21.15,149.2,56.68,81,0,8.39,AU,2022-07-18 21:39:40
198,Souillac,-20.5167,57.5167,66.58,88,40,17.27,MU,2022-07-18 21:33:24
199,Banda Aceh,5.5577,95.3222,78.78,79,24,10.07,ID,2022-07-18 21:39:40
200,Solnechnyy,50.7214,136.6319,56.3,99,100,5.68,RU,2022-07-18 21:29:01
201,Trat,12.5,102.5,82.9,92,99,1.83,TH,2022-07-18 21:39:40
202,Bubaque,11.2833,-15.8333,79.43,84,99,12.33,GW,2022-07-18 21:33:42
203,Karatau,43.1667,70.4667,73.9,41,0,3.53,KZ,2022-07-18 21:34:33
204,Saint George,37.1041,-113.5841,100.99,22,0,5.75,US,2022-07-18 21:29:19
205,Santa Rosa,14.3122,121.1114,79.09,90,100,2.51,PH,2022-07-18 21:39:41
206,Babu,24.4167,111.5167,77.97,96,100,2.8,CN,2022-07-18 21:39:41
207,Tasiilaq,65.6145,-37.6368,44.76,83,56,2.66,GL,2022-07-18 21:28:42
208,Otjimbingwe,-22.35,16.1333,60.01,29,0,6.17,NA,2022-07-18 21:39:41
209,Salinopolis,-0.6136,-47.3561,77.94,87,58,14.29,BR,2022-07-18 21:39:42
210,Abu Samrah,35.3029,37.1841,80.69,47,0,8.01,SY,2022-07-18 21:33:39
211,Santa Rita Do Sapucai,-22.2522,-45.7033,68.38,54,98,2.1,BR,2022-07-18 21:39:42
212,Havre-Saint-Pierre,50.2334,-63.5986,64.76,77,40,16.11,CA,2022-07-18 21:39:42
213,Verkhnyaya Inta,65.9811,60.3094,58.32,76,13,3.58,RU,2022-07-18 21:39:43
214,Mporokoso,-9.3727,30.125,59.9,56,40,7.49,ZM,2022-07-18 21:39:43
215,Jati,24.3539,68.2671,82.06,82,95,10.47,PK,2022-07-18 21:39:43
216,Biggar,55.6167,-3.5167,67.78,55,64,5.7,GB,2022-07-18 21:39:43
217,Taoudenni,22.6783,-3.9836,100.26,6,0,6.04,ML,2022-07-18 21:39:44
218,Nautla,20.2167,-96.7833,87.58,61,42,14.09,MX,2022-07-18 21:39:44
219,Tuatapere,-46.1333,167.6833,44.85,91,100,3.47,NZ,2022-07-18 21:33:01
220,Sitka,57.0531,-135.33,53.49,94,100,8.05,US,2022-07-18 21:30:40
221,Tocache,-8.1842,-76.5125,72.14,88,100,1.32,PE,2022-07-18 21:39:44
222,Umm Lajj,25.0213,37.2685,86.65,54,0,7.05,SA,2022-07-18 21:39:45
223,Puerto Plata,19.7934,-70.6884,89.51,70,40,17.27,DO,2022-07-18 21:37:14
224,Yulara,-25.2406,130.9889,48.16,29,0,7.18,AU,2022-07-18 21:32:16
225,Wewak,-3.5534,143.6268,78.6,84,97,3.09,PG,2022-07-18 21:39:45
226,Bethel,41.3712,-73.414,77.54,92,100,11.5,US,2022-07-18 21:33:19
227,Ilulissat,69.2167,-51.1,51.82,62,20,3.44,GL,2022-07-18 21:27:22
228,Saint-Augustin,51.226,-58.6502,69.26,63,86,12.57,CA,2022-07-18 21:32:48
229,Naryan-Mar,67.6713,53.087,59.56,77,47,8.57,RU,2022-07-18 21:38:16
230,Viperesti,45.2333,26.4667,65.25,44,38,4.9,RO,2022-07-18 21:39:51
231,Dikson,73.5069,80.5464,43.18,82,99,12.64,RU,2022-07-18 21:33:02
232,Gizo,-8.103,156.8419,82.58,68,77,5.79,SB,2022-07-18 21:39:51
233,Stanghelle,60.5528,5.7357,58.84,86,38,2.46,NO,2022-07-18 21:39:52
234,Malanje,-9.5402,16.341,67.96,48,53,4.59,AO,2022-07-18 21:34:27
235,Jardim,-21.4803,-56.1381,76.69,46,90,2.46,BR,2022-07-18 21:39:52
236,Ingham,42.6,-84.3833,87.91,48,0,9.22,US,2022-07-18 21:39:52
237,Erenhot,43.6475,111.9767,72.93,27,100,7.29,CN,2022-07-18 21:39:53
238,Acarau,-2.8856,-40.12,78.3,72,31,17.31,BR,2022-07-18 21:39:53
239,Wattegama,6.7989,81.4808,75.02,87,58,1.74,LK,2022-07-18 21:39:53
240,Pochutla,15.7432,-96.4661,91.81,65,76,4.85,MX,2022-07-18 21:39:53
241,Gilgit,35.9221,74.3087,84.78,49,7,3.47,PK,2022-07-18 21:39:54
242,Karratha,-20.7377,116.8463,66.78,68,2,6.13,AU,2022-07-18 21:34:33
243,Melito Di Porto Salvo,37.9222,15.7714,82.96,74,0,4.61,IT,2022-07-18 21:39:54
244,Bambous Virieux,-20.3428,57.7575,69.22,88,40,17.27,MU,2022-07-18 21:27:31
245,Chicama,-7.8447,-79.1469,59.54,67,28,7.85,PE,2022-07-18 21:32:37
246,Venice,27.0998,-82.4543,93.06,74,75,10.36,US,2022-07-18 21:37:30
247,Garowe,8.4054,48.4845,75.85,62,97,29.82,SO,2022-07-18 21:39:55
248,Mayo,38.8876,-76.5119,92.39,77,40,16.11,US,2022-07-18 21:35:04
249,Boddam,57.4667,-1.7833,70.18,86,83,6.6,GB,2022-07-18 21:39:55
250,Nhulunbuy,-12.2333,136.7667,72.21,94,40,4.61,AU,2022-07-18 21:32:54
251,Lodwar,3.1191,35.5973,84.45,39,84,14.0,KE,2022-07-18 21:39:55
252,Kuandian,40.7286,124.7847,66.94,92,0,1.28,CN,2022-07-18 21:39:56
253,Ostrovnoy,68.0531,39.5131,53.62,88,6,9.01,RU,2022-07-18 21:33:05
254,Gheorghe Lazar,44.6333,27.45,62.51,43,32,4.9,RO,2022-07-18 21:39:56
255,Newport,51.5877,-2.9984,84.31,55,25,4.36,GB,2022-07-18 21:30:01
256,Pemba,-12.974,40.5178,73.09,77,18,11.56,MZ,2022-07-18 21:39:56
257,Moosomin,50.1333,-101.6677,81.81,65,4,11.52,CA,2022-07-18 21:39:57
258,Houma,29.5958,-90.7195,90.01,89,100,10.36,US,2022-07-18 21:36:57
259,De Pere,44.4489,-88.0604,89.82,61,0,14.97,US,2022-07-18 21:39:57
260,Chandbali,20.7833,86.7667,81.37,85,93,7.05,IN,2022-07-18 21:39:57
261,Pevek,69.7008,170.3133,33.04,80,100,2.53,RU,2022-07-18 21:32:05
262,Flin Flon,54.7682,-101.865,84.04,34,40,5.75,CA,2022-07-18 21:30:36
263,Ucluelet,48.9329,-125.5528,64.09,83,89,1.99,CA,2022-07-18 21:32:39
264,Raudeberg,61.9875,5.1352,54.27,83,98,9.57,NO,2022-07-18 21:36:55
265,Charters Towers,-20.1,146.2667,58.46,61,0,5.53,AU,2022-07-18 21:39:58
266,Rio Gallegos,-51.6226,-69.2181,39.25,70,0,10.36,AR,2022-07-18 21:29:29
267,Svetlaya,46.5389,138.3297,62.67,88,54,0.94,RU,2022-07-18 21:39:58
268,Cedar City,37.6775,-113.0619,87.4,23,75,11.5,US,2022-07-18 21:38:01
269,Damara,4.9608,18.7035,70.05,95,100,2.42,CF,2022-07-18 21:39:59
270,Petropavlovsk-Kamchatskiy,53.0452,158.6483,54.19,100,100,4.47,RU,2022-07-18 21:39:59
271,Kalmunai,7.4167,81.8167,78.8,86,86,7.25,LK,2022-07-18 21:40:04
272,Bandarbeyla,9.4942,50.8122,75.76,79,78,35.16,SO,2022-07-18 21:33:40
273,Fort Nelson,58.8053,-122.7002,76.59,44,40,9.22,CA,2022-07-18 21:34:18
274,Coihaique,-45.5752,-72.0662,40.95,70,75,4.61,CL,2022-07-18 21:33:05
275,Fortuna,40.5982,-124.1573,73.09,65,18,4.0,US,2022-07-18 21:31:43
276,Pingtung,22.6714,120.4881,81.82,89,40,6.91,TW,2022-07-18 21:40:05
277,Kruisfontein,-34.0033,24.7314,58.89,93,55,1.59,ZA,2022-07-18 21:32:52
278,Katsuura,35.1333,140.3,79.21,88,100,19.98,JP,2022-07-18 21:33:17
279,Kulynychi,49.9823,36.3842,57.88,75,0,6.11,UA,2022-07-18 21:40:05
280,Comodoro Rivadavia,-45.8667,-67.5,48.06,46,0,23.02,AR,2022-07-18 21:33:35
281,Vaini,-21.2,-175.2,75.36,88,75,10.36,TO,2022-07-18 21:31:44
282,Paamiut,61.994,-49.6678,45.03,82,100,1.25,GL,2022-07-18 21:40:06
283,Kouango,4.9934,19.9619,71.53,97,100,2.8,CF,2022-07-18 21:40:06
284,Srivardhan,18.0333,73.0167,78.73,86,100,10.31,IN,2022-07-18 21:35:40
285,Kaeo,-35.1,173.7833,59.32,97,89,11.32,NZ,2022-07-18 21:33:35
286,Vagur,61.4732,-6.8119,51.03,88,100,15.35,FO,2022-07-18 21:38:14
287,Lebu,-37.6167,-73.65,47.53,70,88,6.42,CL,2022-07-18 21:28:55
288,East Wenatchee Bench,47.4257,-120.2812,82.96,32,0,13.8,US,2022-07-18 21:40:07
289,Saint-Joseph,-21.3667,55.6167,66.58,80,34,18.16,RE,2022-07-18 21:40:07
290,Greece,43.2098,-77.6931,76.24,91,100,12.66,US,2022-07-18 21:40:07
291,Conceicao Do Araguaia,-8.2578,-49.2647,80.19,35,6,1.63,BR,2022-07-18 21:40:07
292,San Quintin,30.4833,-115.95,75.52,61,2,9.42,MX,2022-07-18 21:35:37
293,Kalaleh,37.3807,55.4916,82.0,65,0,0.0,IR,2022-07-18 21:32:17
294,Mumford,5.2618,-0.759,74.55,85,100,11.12,GH,2022-07-18 21:40:08
295,Popondetta,-8.7537,148.2534,76.41,90,60,1.74,PG,2022-07-18 21:40:08
296,Maridi,4.9158,29.4742,67.26,98,100,0.6,SS,2022-07-18 21:40:09
297,Morondava,-20.2833,44.2833,70.93,53,0,13.44,MG,2022-07-18 21:35:13
298,Kaura Namoda,12.5898,6.5779,74.71,86,80,5.95,NG,2022-07-18 21:40:09
299,Namibe,-15.1961,12.1522,65.52,84,72,4.18,AO,2022-07-18 21:33:58
300,Quesnel,52.9999,-122.5029,70.3,56,100,3.44,CA,2022-07-18 21:35:53
301,Carnarvon,-24.8667,113.6333,61.05,67,0,14.23,AU,2022-07-18 21:31:21
302,Ankang,32.68,109.0172,68.94,94,100,1.3,CN,2022-07-18 21:40:09
303,Bobo Dioulasso,11.1771,-4.2979,77.45,83,0,5.75,BF,2022-07-18 21:40:10
304,Zhuhai,22.2769,113.5678,87.58,89,20,13.8,CN,2022-07-18 21:40:10
305,Lasa,46.6166,10.7002,76.08,80,86,0.74,IT,2022-07-18 21:35:20
306,Necochea,-38.5473,-58.7368,45.52,71,7,10.98,AR,2022-07-18 21:28:10
307,Adrar,20.5022,-10.0711,99.03,15,65,4.81,MR,2022-07-18 21:40:11
308,Tuktoyaktuk,69.4541,-133.0374,62.6,82,100,11.5,CA,2022-07-18 21:32:29
309,Muromtsevo,56.3724,75.2418,55.8,89,95,5.77,RU,2022-07-18 21:40:11
310,Mtwara,-10.2667,40.1833,69.19,92,73,9.89,TZ,2022-07-18 21:40:11
311,Tanhacu,-14.0214,-41.2481,71.53,49,11,6.38,BR,2022-07-18 21:40:12
312,Port Lincoln,-34.7333,135.8667,52.84,62,100,9.82,AU,2022-07-18 21:32:44
313,Praya,14.9215,-23.5087,75.74,83,100,21.85,CV,2022-07-18 21:40:00
314,Palestine,31.9216,35.2033,71.94,59,0,4.14,PS,2022-07-18 21:40:12
315,Tura,25.5198,90.2201,74.25,97,98,5.14,IN,2022-07-18 21:28:34
316,Davila,18.4726,120.5763,76.98,85,76,6.62,PH,2022-07-18 21:40:12
317,Pangoa,-12.1167,-73.0,73.33,88,53,1.41,PE,2022-07-18 21:40:13
318,Fairbanks,64.8378,-147.7164,62.1,76,100,17.27,US,2022-07-18 21:40:18
319,Goma,-1.6792,29.2228,67.26,60,93,2.13,CD,2022-07-18 21:40:18
320,Karimganj,24.8667,92.35,77.25,96,100,1.5,IN,2022-07-18 21:40:19
321,Zhezkazgan,47.8043,67.7144,76.73,51,41,9.15,KZ,2022-07-18 21:35:44
322,Fernie,49.5,-115.0687,57.88,48,93,9.48,CA,2022-07-18 21:40:19
323,Pachino,36.7186,15.0907,80.78,58,0,4.34,IT,2022-07-18 21:39:26
324,Burnie,-41.0667,145.9167,32.94,72,3,5.14,AU,2022-07-18 21:40:19
325,Haines Junction,60.7522,-137.5108,64.35,45,95,8.05,CA,2022-07-18 21:32:22
326,Aron,24.3833,77.4167,82.58,74,100,3.2,IN,2022-07-18 21:40:20
327,Mahebourg,-20.4081,57.7,69.26,88,40,17.27,MU,2022-07-18 21:31:57
328,Waingapu,-9.6567,120.2641,71.76,85,31,8.43,ID,2022-07-18 21:35:22
329,Airai,-8.9266,125.4092,50.31,54,95,2.73,TL,2022-07-18 21:32:14
330,South Yuba City,39.1166,-121.6391,109.06,20,0,11.5,US,2022-07-18 21:40:20
331,Warmbad,-28.45,18.7333,62.53,29,0,8.05,NA,2022-07-18 21:40:20
332,Andenes,69.3143,16.1194,53.58,87,75,3.44,NO,2022-07-18 21:40:21
333,Togur,58.3631,82.8265,54.0,82,98,8.21,RU,2022-07-18 21:40:21
334,Tres Arroyos,-38.3739,-60.2798,41.0,51,37,5.79,AR,2022-07-18 21:40:21
335,Strunino,56.3833,38.5667,51.89,95,91,8.59,RU,2022-07-18 21:40:22
336,Shimoda,34.6667,138.95,78.1,93,100,16.28,JP,2022-07-18 21:32:38
337,Barcelos,41.5388,-8.6151,70.84,94,13,4.88,PT,2022-07-18 21:37:58
338,Havoysund,70.9963,24.6622,53.83,97,96,7.58,NO,2022-07-18 21:35:02
339,Wana,32.2989,69.5725,77.88,67,0,0.2,PK,2022-07-18 21:40:22
340,Ballangen,68.3428,16.8315,52.02,87,75,0.0,NO,2022-07-18 21:40:22
341,Vestmanna,62.1564,-7.1664,49.12,87,75,12.66,FO,2022-07-18 21:40:23
342,Lagoa,39.05,-27.9833,69.96,88,98,12.26,PT,2022-07-18 21:29:24
343,Chabahar,25.2919,60.643,86.11,80,90,14.5,IR,2022-07-18 21:40:23
344,Ambunti,-4.2365,142.8448,74.44,98,90,1.07,PG,2022-07-18 21:33:53
345,Lata,40.1629,-8.3327,59.92,96,4,1.52,PT,2022-07-18 21:33:55
346,Scottsbluff,41.8666,-103.6672,107.83,15,0,8.01,US,2022-07-18 21:40:24
347,Monkey Hill,17.3167,-62.7167,85.86,68,20,18.41,KN,2022-07-18 21:40:24
348,Verkhnevilyuysk,63.4453,120.3167,63.36,88,100,4.76,RU,2022-07-18 21:40:24
349,Puerto Colombia,10.9878,-74.9547,84.29,80,99,19.06,CO,2022-07-18 21:40:24
350,Belomorsk,64.5232,34.7668,56.89,74,28,3.53,RU,2022-07-18 21:40:25
351,Oranjestad,12.524,-70.027,84.15,70,20,27.63,AW,2022-07-18 21:40:25
352,Henties Bay,-22.116,14.2845,58.42,82,1,4.36,NA,2022-07-18 21:40:25
353,Chivay,-15.6383,-71.6011,53.8,51,99,5.01,PE,2022-07-18 21:40:26
354,Omsukchan,62.5333,155.8,69.98,60,72,5.1,RU,2022-07-18 21:40:26
355,Genhe,50.7833,121.5167,62.53,95,93,1.25,CN,2022-07-18 21:40:26
356,Ketchikan,55.3422,-131.6461,57.67,94,100,13.8,US,2022-07-18 21:31:59
357,Lavrentiya,65.5833,-171.0,36.3,90,99,13.96,RU,2022-07-18 21:31:58
358,Little Current,45.9793,-81.9248,81.41,59,2,13.8,CA,2022-07-18 21:40:27
359,Mwinilunga,-11.7358,24.4293,55.09,55,35,3.47,ZM,2022-07-18 21:40:27
360,Buala,-8.145,159.5921,83.25,68,28,6.04,SB,2022-07-18 21:40:27
361,High Prairie,55.4334,-116.4858,77.88,42,84,12.28,CA,2022-07-18 21:40:27
362,Puerto Escondido,15.85,-97.0667,85.37,72,32,5.73,MX,2022-07-18 21:32:04
363,Kandrian,-6.2167,149.55,79.03,82,87,2.93,PG,2022-07-18 21:40:28
364,Abong Mbang,3.9833,13.1833,68.2,91,100,2.86,CM,2022-07-18 21:40:28
365,Lakes Entrance,-37.8811,147.981,41.16,77,98,3.76,AU,2022-07-18 21:35:58
366,Maine-Soroa,13.2114,12.0241,80.98,64,55,8.59,NE,2022-07-18 21:40:34
367,Kachug,53.9606,105.8817,58.89,94,100,2.68,RU,2022-07-18 21:40:34
368,Lima,-12.0432,-77.0282,61.05,72,75,9.22,PE,2022-07-18 21:31:30
369,Nogales,31.3086,-110.9422,95.32,33,75,9.22,MX,2022-07-18 21:39:59
370,Mayumba,-3.432,10.6554,69.94,91,19,4.99,GA,2022-07-18 21:40:34
371,Kanashevo,55.2169,62.0634,63.16,93,0,4.83,RU,2022-07-18 21:40:35
372,Nome,64.5011,-165.4064,41.07,87,100,24.16,US,2022-07-18 21:33:04
373,Port Hueneme,34.1478,-119.1951,101.19,71,40,11.5,US,2022-07-18 21:38:45
374,Anadyr,64.75,177.4833,51.49,50,40,26.84,RU,2022-07-18 21:40:35
375,Kentau,43.5206,68.5094,83.5,26,0,17.2,KZ,2022-07-18 21:40:35
376,Cumra,37.5732,32.7745,68.14,70,0,12.8,TR,2022-07-18 21:40:36
377,Tigre,-34.426,-58.5796,59.0,47,0,4.61,AR,2022-07-18 21:40:36
378,Poli,-3.3333,36.8,53.53,91,55,3.02,TZ,2022-07-18 21:35:42
379,Ust-Ilimsk,58.0006,102.6619,58.12,96,100,5.03,RU,2022-07-18 21:40:36
380,Tigzirt,36.8886,4.1198,77.81,74,0,7.43,DZ,2022-07-18 21:40:36
381,Rio Grande,-32.035,-52.0986,53.71,79,3,5.23,BR,2022-07-18 21:40:37
382,Skibbereen,51.55,-9.2667,70.11,86,97,8.14,IE,2022-07-18 21:40:37
383,Hudson Bay,52.85,-102.3842,83.89,41,34,1.77,CA,2022-07-18 21:35:31
384,Ulaangom,49.9811,92.0667,57.04,68,99,2.66,MN,2022-07-18 21:40:38
385,Ancud,-41.8697,-73.8203,43.23,73,14,7.87,CL,2022-07-18 21:32:20
386,Saint Anthony,45.0205,-93.218,97.66,44,0,13.8,US,2022-07-18 21:31:48
387,Sao Joao De Pirabas,-0.7747,-47.1772,75.97,92,43,9.17,BR,2022-07-18 21:40:38
388,Linhares,-19.3911,-40.0722,67.75,83,42,4.54,BR,2022-07-18 21:35:43
389,Port-Gentil,-0.7193,8.7815,75.16,83,100,11.5,GA,2022-07-18 21:40:38
390,Andradina,-20.8961,-51.3794,78.35,38,74,3.24,BR,2022-07-18 21:40:39
391,Kamenka,51.3223,42.7678,56.23,83,0,11.83,RU,2022-07-18 21:40:39
392,Dingle,10.9995,122.6711,75.0,96,100,5.93,PH,2022-07-18 21:34:44
393,Synya,65.3718,58.0387,58.17,88,43,3.13,RU,2022-07-18 21:40:39
394,Ust-Kut,56.7938,105.7672,61.43,79,100,2.26,RU,2022-07-18 21:40:40
395,San Rafael,-34.6177,-68.3301,46.6,35,60,6.44,AR,2022-07-18 21:39:56
396,Hofn,64.2539,-15.2082,50.97,83,73,8.66,IS,2022-07-18 21:29:08
397,Edgewater,28.9889,-80.9023,89.62,56,75,9.51,US,2022-07-18 21:30:52
398,Piacabucu,-10.4056,-36.4344,74.1,84,39,13.4,BR,2022-07-18 21:40:40
399,Coos Bay,43.3665,-124.2179,86.31,79,0,26.46,US,2022-07-18 21:36:32
400,Puntarenas,9.9763,-84.8384,78.3,91,100,6.6,CR,2022-07-18 21:40:00
401,Rio Rancho,35.2334,-106.6645,101.37,19,40,5.99,US,2022-07-18 21:40:40
402,Deputatskiy,69.3,139.9,41.94,87,100,4.05,RU,2022-07-18 21:32:02
403,Itacare,-14.2775,-38.9967,72.73,77,6,10.13,BR,2022-07-18 21:40:41
404,Pushkinskiye Gory,57.0209,28.9103,51.31,89,85,3.51,RU,2022-07-18 21:40:41
405,Houston,29.7633,-95.3633,104.34,44,0,5.01,US,2022-07-18 21:36:19
406,Klyuchi,52.2667,79.1667,57.42,69,5,7.78,RU,2022-07-18 21:40:41
407,Kiruna,67.8557,20.2251,50.92,82,100,5.75,SE,2022-07-18 21:40:42
408,Kondinskoye,59.6481,67.41,58.8,82,49,4.65,RU,2022-07-18 21:40:42
409,Cap Malheureux,-19.9842,57.6142,68.47,68,57,10.0,MU,2022-07-18 21:34:46
410,Tabou,4.423,-7.3528,75.33,76,96,9.84,CI,2022-07-18 21:40:42
411,Sechura,-5.5569,-80.8222,71.98,61,84,14.43,PE,2022-07-18 21:33:57
412,Sefophe,-22.1833,27.9667,55.24,68,36,4.94,BW,2022-07-18 21:40:48
413,Kjollefjord,70.9457,27.3465,58.82,72,0,4.61,NO,2022-07-18 21:40:48
414,Turbat,26.0023,63.044,85.08,77,52,8.86,PK,2022-07-18 21:40:48
415,Richards Bay,-28.783,32.0377,67.1,80,0,12.12,ZA,2022-07-18 21:33:56
416,Trelew,-43.249,-65.3051,44.6,44,75,12.62,AR,2022-07-18 21:30:10
417,Machalpur,24.1333,76.3,79.92,86,94,8.66,IN,2022-07-18 21:40:49
418,Moron,-34.6534,-58.6198,58.75,50,78,5.79,AR,2022-07-18 21:31:59
419,Laguna,38.421,-121.4238,103.08,19,0,8.05,US,2022-07-18 21:31:59
420,Porto Novo,6.4965,2.6036,76.82,82,78,6.11,BJ,2022-07-18 21:40:49
421,Inirida,3.8653,-67.9239,79.45,93,77,1.03,CO,2022-07-18 21:40:49
422,Tilichiki,60.4667,166.1,60.08,60,100,4.65,RU,2022-07-18 21:33:56
423,Khani,41.9563,42.9566,63.97,98,100,1.34,GE,2022-07-18 21:40:50
424,Shar,49.5886,81.0453,62.85,49,51,4.59,KZ,2022-07-18 21:40:50
425,Acapulco,16.8634,-99.8901,85.82,74,100,9.22,MX,2022-07-18 21:39:52
426,Garango,11.8,-0.5506,78.57,70,99,13.96,BF,2022-07-18 21:40:50
427,Vila,42.0304,-8.1588,59.88,97,7,4.76,PT,2022-07-18 21:31:43
428,Wangqing,43.3218,129.7634,63.09,99,100,1.63,CN,2022-07-18 21:40:51
429,Kudahuvadhoo,2.6708,72.8944,81.97,74,100,12.12,MV,2022-07-18 21:32:35
430,Altamont,42.2068,-121.7372,91.78,18,0,8.05,US,2022-07-18 21:40:51
431,Key Largo,25.0865,-80.4473,91.0,66,29,10.89,US,2022-07-18 21:40:51
432,Haapiti,-17.5667,-149.8667,82.13,71,6,6.46,PF,2022-07-18 21:40:52
433,Shubarkuduk,49.1447,56.4872,85.35,23,9,9.57,KZ,2022-07-18 21:40:52
434,Alice Springs,-23.7,133.8833,40.55,48,85,1.14,AU,2022-07-18 21:40:52
435,Mildura,-34.2,142.15,43.07,86,6,9.64,AU,2022-07-18 21:37:08
436,Pacasmayo,-7.4006,-79.5714,65.39,77,35,13.82,PE,2022-07-18 21:40:53
437,Grindavik,63.8424,-22.4338,55.35,82,75,5.75,IS,2022-07-18 21:32:45
438,Pergamino,-33.89,-60.5736,55.18,50,100,1.99,AR,2022-07-18 21:40:53
439,Kathua,32.3667,75.5167,86.76,58,25,3.09,IN,2022-07-18 21:40:53
440,Kungsbacka,57.4872,12.0761,63.05,86,82,3.0,SE,2022-07-18 21:40:54
441,Atbasar,51.8,68.3333,67.19,49,87,5.91,KZ,2022-07-18 21:40:54
442,Victoria Point,-27.5833,153.3,57.43,80,32,1.01,AU,2022-07-18 21:40:54
443,Kodinsk,58.6881,99.1844,51.03,97,38,4.47,RU,2022-07-18 21:35:37
444,Cherskiy,68.75,161.3,58.77,47,58,9.8,RU,2022-07-18 21:31:43
445,Fare,-16.7,-151.0167,75.65,70,10,4.5,PF,2022-07-18 21:33:41
446,Beloha,-25.1667,45.05,63.1,82,0,10.27,MG,2022-07-18 21:40:55
447,Panalingaan,8.7842,117.4231,77.77,88,100,4.32,PH,2022-07-18 21:40:55
448,Upernavik,72.7868,-56.1549,43.92,75,100,0.38,GL,2022-07-18 21:31:41
449,Bom Despacho,-19.7364,-45.2522,68.23,34,0,4.72,BR,2022-07-18 21:40:55
450,Longyearbyen,78.2186,15.6401,51.64,66,75,18.41,SJ,2022-07-18 21:31:48
451,Jalu,29.0331,21.5482,85.77,29,0,13.98,LY,2022-07-18 21:37:35
452,Kalianget,-7.05,113.9333,79.16,80,85,12.1,ID,2022-07-18 21:40:56
453,Malakal,9.5334,31.6605,68.83,94,37,0.6,SS,2022-07-18 21:40:56
454,Bandar,2.05,99.75,72.91,98,96,2.73,ID,2022-07-18 21:40:56
455,Northam,51.0333,-4.2167,77.4,41,44,7.61,GB,2022-07-18 21:40:57
456,Port Hedland,-20.3167,118.5667,55.45,88,3,4.61,AU,2022-07-18 21:30:12
457,Henderson,36.0397,-114.9819,110.17,23,40,18.41,US,2022-07-18 21:40:57
458,Kearney,40.6995,-99.0815,90.16,51,0,16.11,US,2022-07-18 21:39:57
459,Kurilsk,45.2333,147.8833,58.91,98,99,5.12,RU,2022-07-18 21:41:02
460,Pacific Grove,36.6177,-121.9166,83.25,75,0,8.05,US,2022-07-18 21:33:44
461,Lebanon,36.2081,-86.2911,84.18,80,0,10.36,US,2022-07-18 21:41:03
462,Sur,22.5667,59.5289,84.7,87,38,5.12,OM,2022-07-18 21:33:51
463,Bahia Blanca,-38.7196,-62.2724,45.9,34,19,4.18,AR,2022-07-18 21:40:06
464,Hobyo,5.3505,48.5268,75.76,80,51,25.39,SO,2022-07-18 21:35:38
465,Vilhena,-12.7406,-60.1458,84.42,37,0,4.61,BR,2022-07-18 21:41:03
466,Pauini,-7.7136,-66.9764,82.13,64,93,1.99,BR,2022-07-18 21:41:04
467,Margate,51.3813,1.3862,77.31,54,48,1.99,GB,2022-07-18 21:39:20
468,Tucuma,-0.1833,-50.05,77.77,83,95,8.5,BR,2022-07-18 21:41:04
469,Sao Joao Da Barra,-21.6403,-41.0511,73.49,89,1,10.45,BR,2022-07-18 21:34:12
470,Iralaya,15.0,-83.2333,81.72,85,82,15.05,HN,2022-07-18 21:41:04
471,Hirado,33.3597,129.5531,78.39,93,100,27.02,JP,2022-07-18 21:41:05
472,Shestakovo,56.4915,103.96,59.86,99,100,3.87,RU,2022-07-18 21:41:05
473,Saldanha,-33.0117,17.9442,50.05,79,0,11.16,ZA,2022-07-18 21:31:27
474,Ust-Omchug,61.15,149.6333,67.55,67,74,5.84,RU,2022-07-18 21:41:05
475,Penzance,50.1186,-5.5371,70.48,59,52,13.73,GB,2022-07-18 21:41:05
476,Dalby,-27.1833,151.2667,49.8,61,67,6.11,AU,2022-07-18 21:41:06
477,Talagang,32.9297,72.4158,90.48,51,1,7.0,PK,2022-07-18 21:41:06
478,Mazamari,-11.3258,-74.5308,77.58,74,96,0.81,PE,2022-07-18 21:41:06
479,Elk,53.8282,22.3647,58.06,97,98,6.2,PL,2022-07-18 21:41:07
480,Ambovombe,-25.1667,46.0833,64.99,78,1,15.97,MG,2022-07-18 21:41:07
481,Tucupita,9.0622,-62.051,79.18,85,65,3.62,VE,2022-07-18 21:41:07
482,Traverse City,44.7631,-85.6206,91.47,47,20,14.97,US,2022-07-18 21:31:29
483,Puerto Narino,-3.7703,-70.3831,78.37,93,12,2.19,CO,2022-07-18 21:41:08
484,Tanout,14.9709,8.8879,87.98,44,73,9.75,NE,2022-07-18 21:41:08
485,Campbell River,50.0163,-125.2446,65.59,68,100,5.75,CA,2022-07-18 21:34:11
486,Severo-Yeniseyskiy,60.3725,93.0408,50.47,97,100,2.21,RU,2022-07-18 21:41:08
487,Luau,-10.7073,22.2247,61.39,40,12,7.23,AO,2022-07-18 21:41:09
488,Rocha,-34.4833,-54.3333,47.26,88,7,4.97,UY,2022-07-18 21:34:00
489,Saint-Georges,12.0564,-61.7485,80.17,79,7,14.09,GD,2022-07-18 21:41:09
490,Espinosa,-14.9261,-42.8192,68.52,58,3,4.97,BR,2022-07-18 21:41:09
491,Cockburn Town,21.4612,-71.1419,85.96,62,40,12.66,TC,2022-07-18 21:32:20
492,Kapit,2.0167,112.9333,74.8,88,100,0.78,MY,2022-07-18 21:41:10
493,Uruzgan,32.8333,66.0,79.54,29,0,0.83,AF,2022-07-18 21:41:10
494,Cabot,34.9745,-92.0165,97.02,53,0,5.75,US,2022-07-18 21:36:57
495,Kharp,66.8014,65.8081,59.99,66,100,2.28,RU,2022-07-18 21:41:10
496,Puli,23.9664,120.9695,80.22,77,100,4.54,TW,2022-07-18 21:41:11
497,Vaitape,-16.5167,-151.75,76.84,67,75,6.93,PF,2022-07-18 21:41:11
498,Alta Gracia,-31.6529,-64.4283,55.89,41,4,5.19,AR,2022-07-18 21:41:11
499,Koulamoutou,-1.1303,12.4736,77.11,68,100,5.37,GA,2022-07-18 21:41:11
500,Nefteyugansk,61.0998,72.6035,61.74,64,97,8.34,RU,2022-07-18 21:41:12
501,Escarcega,18.6089,-90.7454,96.96,32,68,4.85,MX,2022-07-18 21:41:12
502,Viedma,-40.8135,-62.9967,44.08,37,34,7.83,AR,2022-07-18 21:34:42
503,Sioux Lookout,50.1001,-91.917,84.27,51,75,6.91,CA,2022-07-18 21:29:40
504,Amuntai,-2.4177,115.2494,72.3,96,71,1.01,ID,2022-07-18 21:41:12
505,Pandan,14.0453,124.1694,79.2,87,15,4.0,PH,2022-07-18 21:41:18
506,Olga,43.7444,135.2892,64.92,87,88,3.04,RU,2022-07-18 21:41:18
507,Vanimo,-2.6741,141.3028,77.27,88,89,2.98,PG,2022-07-18 21:41:18
508,Moranbah,-22.0016,148.0466,58.51,64,0,7.34,AU,2022-07-18 21:41:19
509,Antibes,43.5624,7.1278,85.48,58,0,11.5,FR,2022-07-18 21:38:41
510,Sicuani,-14.2694,-71.2261,56.53,40,89,7.36,PE,2022-07-18 21:41:19
511,Puerto Carreno,6.189,-67.4859,87.78,70,20,5.75,CO,2022-07-18 21:33:59
512,Bela,25.9333,81.9833,91.85,51,90,7.29,IN,2022-07-18 21:41:20
513,Coquimbo,-29.9533,-71.3436,58.73,77,0,8.05,CL,2022-07-18 21:33:22
514,Whitehorse,60.7161,-135.0538,61.02,59,75,6.91,CA,2022-07-18 21:36:57
515,Husavik,66.0449,-17.3389,51.24,80,81,3.33,IS,2022-07-18 21:41:20
516,Shitkino,56.3703,98.3543,50.68,96,43,4.7,RU,2022-07-18 21:41:21
517,Albemarle,35.3501,-80.2001,92.61,59,40,14.97,US,2022-07-18 21:41:21
518,Gamba,-2.65,10.0,69.93,92,78,4.16,GA,2022-07-18 21:32:21
519,Vostok,46.4856,135.8833,63.9,85,88,0.6,RU,2022-07-18 21:31:49
520,Moba,33.2288,105.0179,59.9,66,100,5.91,CN,2022-07-18 21:41:21
521,Ambon,-3.6954,128.1814,76.23,16,75,3.44,ID,2022-07-18 21:32:30
522,Durres,41.3231,19.4414,69.98,55,12,6.04,AL,2022-07-18 21:41:22
523,Huarmey,-10.0681,-78.1522,66.02,76,62,11.12,PE,2022-07-18 21:33:56
524,Altamira,-3.2033,-52.2064,79.23,64,59,3.49,BR,2022-07-18 21:38:23
525,Okhotsk,59.3833,143.3,58.98,85,100,1.07,RU,2022-07-18 21:32:30
526,Itarema,-2.9248,-39.9167,78.24,71,23,15.77,BR,2022-07-18 21:41:22
527,Manokwari,-0.8667,134.0833,78.73,75,74,1.5,ID,2022-07-18 21:36:28
528,Sabang,5.8933,95.3214,82.31,73,19,14.03,ID,2022-07-18 21:34:25
529,Soc Trang,9.6033,105.98,77.0,93,100,6.08,VN,2022-07-18 21:41:23
530,Vardo,70.3705,31.1107,53.58,87,28,4.61,NO,2022-07-18 21:34:27
531,Qaqortoq,60.7167,-46.0333,47.53,78,100,3.96,GL,2022-07-18 21:32:49
532,Boyolangu,-8.1181,111.8935,74.3,89,93,1.39,ID,2022-07-18 21:35:19
533,Kuna,43.4918,-116.4201,87.22,12,0,16.11,US,2022-07-18 21:41:23
534,Rangapara,26.8167,92.65,77.07,96,100,4.14,IN,2022-07-18 21:41:24
535,Tahta,26.7693,31.5021,86.7,20,8,7.02,EG,2022-07-18 21:41:24
536,La Ronge,55.1001,-105.2842,84.42,28,40,10.36,CA,2022-07-18 21:41:24
537,Avallon,47.4833,3.9,75.52,35,1,6.46,FR,2022-07-18 21:41:25
538,Arenapolis,-14.4503,-56.8461,79.63,28,17,3.0,BR,2022-07-18 21:41:25
539,Padang,-0.9492,100.3543,76.35,75,9,3.65,ID,2022-07-18 21:31:48
540,Yinchuan,38.4681,106.2731,75.09,38,100,8.68,CN,2022-07-18 21:32:00
541,Igurusi,-8.85,33.85,56.59,77,34,3.24,TZ,2022-07-18 21:41:25
542,Sarab,38.6066,44.9883,76.73,33,7,1.68,IR,2022-07-18 21:41:26
543,Ylojarvi,61.5563,23.5961,57.11,84,0,1.14,FI,2022-07-18 21:41:26
544,Birjand,32.8663,59.2211,81.07,12,0,6.91,IR,2022-07-18 21:41:26
545,Palmer,42.1584,-72.3287,76.21,85,100,8.05,US,2022-07-18 21:34:21
546,Krasnoarmeysk,51.0239,45.6969,59.31,76,0,12.8,RU,2022-07-18 21:41:26
547,Misratah,32.3754,15.0925,80.92,68,0,9.35,LY,2022-07-18 21:41:27
548,Koson,39.0375,65.585,88.12,21,0,23.76,UZ,2022-07-18 21:41:27
549,Puerto Del Rosario,28.5004,-13.8627,73.15,78,20,11.5,ES,2022-07-18 21:41:32
550,Walvis Bay,-22.9575,14.5053,54.55,87,1,4.61,NA,2022-07-18 21:32:05
551,Port Hardy,50.6996,-127.4199,59.18,82,100,8.05,CA,2022-07-18 21:33:11
552,Eureka,40.8021,-124.1637,73.2,66,27,4.0,US,2022-07-18 21:41:33
553,Miles City,46.4083,-105.8406,99.57,18,0,12.66,US,2022-07-18 21:36:48
554,Fort Atkinson,42.9289,-88.8371,88.32,57,0,6.6,US,2022-07-18 21:41:33
555,Sinnamary,5.3833,-52.95,78.82,85,29,8.7,GF,2022-07-18 21:32:18
556,Port Said,31.2565,32.2841,81.19,67,0,3.24,EG,2022-07-18 21:34:35
557,Avera,33.194,-82.5271,91.45,55,76,10.74,US,2022-07-18 21:34:50
558,Clyde River,70.4692,-68.5914,44.83,76,75,11.5,CA,2022-07-18 21:33:44
559,Alexandria,31.2156,29.9553,79.72,74,0,8.41,EG,2022-07-18 21:33:28
560,Mecca,21.4267,39.8261,89.04,22,43,5.48,SA,2022-07-18 21:40:59
561,Hami,42.8,93.45,76.46,35,91,6.46,CN,2022-07-18 21:33:50
562,Merritt Island,28.5392,-80.672,91.49,73,0,20.71,US,2022-07-18 21:40:49
563,Acajutla,13.5928,-89.8275,85.15,71,58,5.88,SV,2022-07-18 21:41:34
564,Swift Current,50.2834,-107.8014,81.41,47,40,14.97,CA,2022-07-18 21:39:02
565,Okato,-39.2,173.8833,58.17,79,88,23.0,NZ,2022-07-18 21:41:34
566,Moose Factory,51.2585,-80.6094,78.8,65,40,13.8,CA,2022-07-18 21:41:35
567,Hay River,60.8156,-115.7999,75.16,40,75,6.91,CA,2022-07-18 21:41:35
568,Binabalian,16.4202,119.9279,81.39,81,72,8.66,PH,2022-07-18 21:41:35
569,Yelizovo,53.1873,158.3805,55.54,100,100,4.47,RU,2022-07-18 21:41:35
570,Bull Savanna,17.8868,-77.5902,82.22,72,88,12.48,JM,2022-07-18 21:41:36
571,Belyy Yar,53.6039,91.3903,57.09,74,0,6.71,RU,2022-07-18 21:41:36
572,Lubango,-14.9172,13.4925,56.17,45,0,3.74,AO,2022-07-18 21:41:36
573,Pouembout,-21.1333,164.9,76.05,82,92,6.04,NC,2022-07-18 21:41:37
574,Odweyne,9.4092,45.064,74.01,47,100,20.78,SO,2022-07-18 21:41:37
575,Tripoli,32.8752,13.1875,79.92,68,0,11.7,LY,2022-07-18 21:41:37
576,Arlit,18.7369,7.3853,91.35,31,83,8.77,NE,2022-07-18 21:35:23
577,Poum,-20.2333,164.0167,73.92,87,56,8.3,NC,2022-07-18 21:41:38
578,Caborca,30.5838,-111.101,96.6,36,3,13.44,MX,2022-07-18 21:37:40
